{
  "name": "image-map-resizer",
  "version": "1.0.3",
  "homepage": "https://github.com/davidjbradshaw/image-map-resizer",
  "authors": [
    "David J. Bradshaw <dave@bradshaw.net>"
  ],
  "description": "Keep HTML Image Maps scaled to the size of an image. It detects the window being resized and updates the co-ordinates of the image map.",
  "main": "js/imageMapResizer.min.js",
  "keywords": [
    "imagemap",
    "resizer",
    "responsive",
    "RWD",
    "fluid",
    "resize",
    "design"
  ],
  "license": "MIT",
  "ignore": [
    "**/.*",
    "node_modules",
    "bower_components",
    "test",
    "tests",
    "examples",
    "*.md",
    "AUTHORS.txt",
    "grunt.js",
    "gruntfile.js",
    "package.json",
    "bower.json"
  ],
  "dependencies": {
    "jquery": ">=1.7"
  },
  "_release": "1.0.3",
  "_resolution": {
    "type": "version",
    "tag": "v1.0.3",
    "commit": "46a34325586a11bb29d64e48cf7d5ea58fb147be"
  },
  "_source": "https://github.com/davidjbradshaw/image-map-resizer.git",
  "_target": "^1.0.3",
  "_originalSource": "image-map-resizer"
}