{
  "name": "iron-behaviors",
  "description": "Provides a set of behaviors for the iron elements",
  "private": true,
  "authors": [
    "The Polymer Authors"
  ],
  "repository": {
    "type": "git",
    "url": "git://github.com/PolymerElements/iron-behaviors.git"
  },
  "main": [
    "iron-button-state.html",
    "iron-control-state.html"
  ],
  "license": "http://polymer.github.io/LICENSE.txt",
  "dependencies": {
    "polymer": "polymer/polymer#^2.0.0-rc.1",
    "iron-a11y-keys-behavior": "polymerelements/iron-a11y-keys-behavior#2.0-preview"
  },
  "devDependencies": {
    "paper-styles": "polymerelements/paper-styles#2.0-preview",
    "paper-input": "polymerelements/paper-input#2.0-preview",
    "iron-test-helpers": "polymerelements/iron-test-helpers#2.0-preview",
    "iron-component-page": "polymerelements/iron-component-page#2.0-preview",
    "web-component-tester": "Polymer/web-component-tester#^6.0.0-prerelease.6",
    "webcomponentsjs": "webcomponents/webcomponentsjs#^1.0.0-rc.1"
  },
  "ignore": [],
  "variants": {
    "1.x": {
      "dependencies": {
        "polymer": "Polymer/polymer#^1.1.0",
        "iron-a11y-keys-behavior": "polymerelements/iron-a11y-keys-behavior#^1.0.0"
      },
      "devDependencies": {
        "paper-styles": "polymerelements/paper-styles#^1.0.0",
        "paper-input": "polymerelements/paper-input#^1.0.0",
        "iron-test-helpers": "polymerelements/iron-test-helpers#^1.0.0",
        "iron-component-page": "polymerelements/iron-component-page#^1.0.0",
        "webcomponentsjs": "webcomponents/webcomponentsjs#^0.7.0",
        "web-component-tester": "Polymer/web-component-tester#^4.0.0"
      }
    }
  },
  "homepage": "https://github.com/PolymerElements/iron-behaviors",
  "_release": "cdcb3a8fb0",
  "_resolution": {
    "type": "branch",
    "branch": "2.0-preview",
    "commit": "cdcb3a8fb01d886fdd420a7c08d64175829d7312"
  },
  "_source": "https://github.com/PolymerElements/iron-behaviors.git",
  "_target": "2.0-preview",
  "_originalSource": "PolymerElements/iron-behaviors"
}