{
  "name": "polymer-starter-kit",
  "authors": [
    "The Polymer Authors"
  ],
  "license": "https://polymer.github.io/LICENSE.txt",
  "dependencies": {
    "app-layout": "PolymerElements/app-layout#2.0-preview",
    "app-route": "PolymerElements/app-route#2.0-preview",
    "iron-flex-layout": "PolymerElements/iron-flex-layout#2.0-preview",
    "iron-icon": "PolymerElements/iron-icon#2.0-preview",
    "iron-iconset-svg": "PolymerElements/iron-iconset-svg#2.0-preview",
    "iron-localstorage": "PolymerElements/iron-localstorage#2.0-preview",
    "iron-media-query": "PolymerElements/iron-media-query#2.0-preview",
    "iron-pages": "PolymerElements/iron-pages#2.0-preview",
    "iron-selector": "PolymerElements/iron-selector#2.0-preview",
    "paper-icon-button": "PolymerElements/paper-icon-button#2.0-preview",
    "polymer": "Polymer/polymer#^2.0.2",
    "webcomponentsjs": "webcomponents/webcomponentsjs#^1.0.0-rc.6",
    "paper-button": "PolymerElements/paper-button#2.0-preview",
    "iron-icons": "PolymerElements/iron-icons#2.0-preview",
    "paper-dropdown-menu": "PolymerElements/paper-dropdown-menu#2.0-preview",
    "paper-listbox": "PolymerElements/paper-listbox#2.0-preview",
    "paper-item": "PolymerElements/paper-item#2.0-preview",
    "image-map-resizer": "^1.0.3",
    "paper-material": "PolymerElements/paper-material#2.0-preview",
    "iron-a11y-keys": "PolymerElements/iron-a11y-keys#^1.0.7"
  },
  "devDependencies": {
    "web-component-tester": "6.0.0-prerelease.5"
  },
  "private": true
}
