{
  "name": "iron-a11y-announcer",
  "description": "A singleton element that simplifies announcing text to screen readers.",
  "keywords": [
    "web-components",
    "polymer",
    "a11y",
    "live"
  ],
  "authors": [
    "The Polymer Authors"
  ],
  "repository": {
    "type": "git",
    "url": "git://github.com/PolymerElements/iron-a11y-announcer.git"
  },
  "main": "iron-a11y-announcer.html",
  "license": "http://polymer.github.io/LICENSE.txt",
  "dependencies": {
    "polymer": "polymer/polymer#^2.0.0-rc.1"
  },
  "devDependencies": {
    "iron-component-page": "PolymerElements/iron-component-page#2.0-preview",
    "iron-demo-helpers": "PolymerElements/iron-demo-helpers#2.0-preview",
    "iron-test-helpers": "PolymerElements/iron-test-helpers#2.0-preview",
    "paper-button": "PolymerElements/paper-button#2.0-preview",
    "test-fixture": "PolymerElements/test-fixture#^3.0.0-rc.1",
    "web-component-tester": "Polymer/web-component-tester#^6.0.0-prerelease.6",
    "webcomponentsjs": "webcomponents/webcomponentsjs#^1.0.0-rc.1"
  },
  "ignore": [],
  "variants": {
    "1.x": {
      "dependencies": {
        "polymer": "Polymer/polymer#^1.1.0"
      },
      "devDependencies": {
        "iron-component-page": "PolymerElements/iron-component-page#^1.0.0",
        "iron-demo-helpers": "PolymerElements/iron-demo-helpers#^1.0.0",
        "iron-test-helpers": "PolymerElements/iron-test-helpers#^1.0.0",
        "paper-button": "PolymerElements/paper-button#^1.0.0",
        "test-fixture": "PolymerElements/test-fixture#^1.0.0",
        "web-component-tester": "Polymer/web-component-tester#^4.0.0",
        "webcomponentsjs": "webcomponents/webcomponentsjs#^0.7.0"
      }
    }
  },
  "homepage": "https://github.com/PolymerElements/iron-a11y-announcer",
  "_release": "de40165499",
  "_resolution": {
    "type": "branch",
    "branch": "2.0-preview",
    "commit": "de40165499759358dc552794a5a95d8a5c7740a9"
  },
  "_source": "https://github.com/PolymerElements/iron-a11y-announcer.git",
  "_target": "2.0-preview",
  "_originalSource": "PolymerElements/iron-a11y-announcer"
}