{
  "name": "iron-media-query",
  "description": "Lets you bind to a CSS media query",
  "authors": [
    "The Polymer Authors"
  ],
  "keywords": [
    "web-components",
    "polymer",
    "media"
  ],
  "private": true,
  "repository": {
    "type": "git",
    "url": "git://github.com/PolymerElements/iron-media-query"
  },
  "license": "http://polymer.github.io/LICENSE.txt",
  "homepage": "https://github.com/PolymerElements/iron-media-query",
  "ignore": [],
  "dependencies": {
    "polymer": "Polymer/polymer#^2.0.0-rc.1"
  },
  "devDependencies": {
    "paper-styles": "polymerelements/paper-styles#2.0-preview",
    "web-component-tester": "Polymer/web-component-tester#^6.0.0-prerelease.6",
    "webcomponentsjs": "webcomponents/webcomponentsjs#^1.0.0-rc.1"
  },
  "variants": {
    "1.x": {
      "dependencies": {
        "polymer": "Polymer/polymer#^1.7.1"
      },
      "devDependencies": {
        "paper-styles": "polymerelements/paper-styles#^1.0.0",
        "webcomponentsjs": "webcomponents/webcomponentsjs#^0.7.0",
        "web-component-tester": "Polymer/web-component-tester#^4.0.0"
      }
    }
  },
  "main": "iron-media-query.html",
  "_release": "ad136eb716",
  "_resolution": {
    "type": "branch",
    "branch": "2.0-preview",
    "commit": "ad136eb7169e1ce3fbbadea18df6ed9bfd3bedbf"
  },
  "_source": "https://github.com/PolymerElements/iron-media-query.git",
  "_target": "2.0-preview",
  "_originalSource": "PolymerElements/iron-media-query"
}