{
  "name": "iron-fit-behavior",
  "license": "http://polymer.github.io/LICENSE.txt",
  "description": "Fits an element inside another element",
  "private": true,
  "main": "iron-fit-behavior.html",
  "keywords": [
    "web-components",
    "polymer",
    "behavior"
  ],
  "authors": [
    "The Polymer Authors"
  ],
  "repository": {
    "type": "git",
    "url": "git://github.com/PolymerElements/iron-fit-behavior.git"
  },
  "dependencies": {
    "polymer": "Polymer/polymer#^2.0.0-rc.1"
  },
  "devDependencies": {
    "iron-component-page": "PolymerElements/iron-component-page#2.0-preview",
    "iron-demo-helpers": "PolymerElements/iron-demo-helpers#2.0-preview",
    "web-component-tester": "Polymer/web-component-tester#^6.0.0-prerelease.6",
    "webcomponentsjs": "webcomponents/webcomponentsjs#^1.0.0-rc.1"
  },
  "variants": {
    "1.x": {
      "dependencies": {
        "polymer": "Polymer/polymer#^1.0.0"
      },
      "devDependencies": {
        "iron-component-page": "PolymerElements/iron-component-page#^1.0.0",
        "iron-demo-helpers": "PolymerElements/iron-demo-helpers#^1.0.0",
        "web-component-tester": "^4.0.0",
        "webcomponentsjs": "webcomponents/webcomponentsjs#^0.7.0"
      }
    }
  },
  "ignore": [],
  "homepage": "https://github.com/PolymerElements/iron-fit-behavior",
  "_release": "db3cbf5c20",
  "_resolution": {
    "type": "branch",
    "branch": "2.0-preview",
    "commit": "db3cbf5c20d92204e189039d3e0aea29097b984c"
  },
  "_source": "https://github.com/PolymerElements/iron-fit-behavior.git",
  "_target": "2.0-preview",
  "_originalSource": "PolymerElements/iron-fit-behavior"
}