{
  "name": "iron-a11y-keys-behavior",
  "description": "A behavior that enables keybindings for greater a11y.",
  "keywords": [
    "web-components",
    "web-component",
    "polymer",
    "a11y",
    "input"
  ],
  "authors": [
    "The Polymer Authors"
  ],
  "repository": {
    "type": "git",
    "url": "git://github.com/PolymerElements/iron-a11y-keys-behavior.git"
  },
  "main": "iron-a11y-keys-behavior.html",
  "license": "http://polymer.github.io/LICENSE.txt",
  "dependencies": {
    "polymer": "Polymer/polymer#^2.0.0-rc.1"
  },
  "devDependencies": {
    "iron-demo-helpers": "PolymerElements/iron-demo-helpers#2.0-preview",
    "iron-component-page": "PolymerElements/iron-component-page#2.0-preview",
    "iron-test-helpers": "PolymerElements/iron-test-helpers#2.0-preview",
    "test-fixture": "PolymerElements/test-fixture#^3.0.0-rc.1",
    "web-component-tester": "Polymer/web-component-tester#^6.0.0-prerelease.6",
    "webcomponentsjs": "webcomponents/webcomponentsjs#^1.0.0-rc.1"
  },
  "variants": {
    "1.x": {
      "dependencies": {
        "polymer": "Polymer/polymer#^1.7.0"
      },
      "devDependencies": {
        "iron-demo-helpers": "PolymerElements/iron-demo-helpers#^1.0.0",
        "iron-component-page": "PolymerElements/iron-component-page#^1.0.0",
        "iron-test-helpers": "PolymerElements/iron-test-helpers#^1.0.0",
        "test-fixture": "PolymerElements/test-fixture#^1.0.0",
        "web-component-tester": "^4.0.0",
        "webcomponentsjs": "webcomponents/webcomponentsjs#^0.7.0"
      }
    }
  },
  "ignore": [],
  "homepage": "https://github.com/PolymerElements/iron-a11y-keys-behavior",
  "_release": "90c3c3370c",
  "_resolution": {
    "type": "branch",
    "branch": "2.0-preview",
    "commit": "90c3c3370c5815a757fb33e8f46b27ef48c4fca6"
  },
  "_source": "https://github.com/PolymerElements/iron-a11y-keys-behavior.git",
  "_target": "2.0-preview",
  "_originalSource": "PolymerElements/iron-a11y-keys-behavior"
}