{
  "name": "iron-autogrow-textarea",
  "description": "A textarea element that automatically grows with input",
  "authors": [
    "The Polymer Authors"
  ],
  "keywords": [
    "web-components",
    "polymer",
    "input",
    "textarea"
  ],
  "main": "iron-autogrow-textarea.html",
  "private": true,
  "repository": {
    "type": "git",
    "url": "git://github.com/PolymerElements/iron-autogrow-textarea.git"
  },
  "license": "http://polymer.github.io/LICENSE.txt",
  "homepage": "https://github.com/PolymerElements/iron-autogrow-textarea",
  "ignore": [],
  "dependencies": {
    "iron-behaviors": "PolymerElements/iron-behaviors#2.0-preview",
    "iron-flex-layout": "PolymerElements/iron-flex-layout#2.0-preview",
    "iron-validatable-behavior": "PolymerElements/iron-validatable-behavior#2.0-preview",
    "polymer": "Polymer/polymer#^2.0.0-rc.1"
  },
  "devDependencies": {
    "iron-component-page": "PolymerElements/iron-component-page#2.0-preview",
    "iron-demo-helpers": "PolymerElements/iron-demo-helpers#2.0-preview",
    "iron-test-helpers": "PolymerElements/iron-test-helpers#2.0-preview",
    "paper-styles": "PolymerElements/paper-styles#2.0-preview",
    "test-fixture": "PolymerElements/test-fixture#^3.0.0-rc.1",
    "web-component-tester": "Polymer/web-component-tester#^6.0.0-prerelease.6",
    "webcomponentsjs": "webcomponents/webcomponentsjs#^1.0.0-rc.1"
  },
  "variants": {
    "1.x": {
      "dependencies": {
        "iron-behaviors": "PolymerElements/iron-behaviors#^1.0.0",
        "iron-flex-layout": "PolymerElements/iron-flex-layout#^1.0.0",
        "iron-validatable-behavior": "PolymerElements/iron-validatable-behavior#^1.0.0",
        "polymer": "Polymer/polymer#^1.1.0"
      },
      "devDependencies": {
        "iron-component-page": "PolymerElements/iron-component-page#^1.0.0",
        "iron-demo-helpers": "PolymerElements/iron-demo-helpers#^1.0.0",
        "iron-test-helpers": "PolymerElements/iron-test-helpers#^1.0.0",
        "paper-styles": "PolymerElements/paper-styles#^1.0.0",
        "test-fixture": "PolymerElements/test-fixture#^1.0.0",
        "webcomponentsjs": "webcomponents/webcomponentsjs#^0.7.0",
        "web-component-tester": "Polymer/web-component-tester#^4.0.0"
      }
    }
  },
  "_release": "a1e5de4aaa",
  "_resolution": {
    "type": "branch",
    "branch": "2.0-preview",
    "commit": "a1e5de4aaa4f1c0d7562445e7939ba6f4f781bfb"
  },
  "_source": "https://github.com/PolymerElements/iron-autogrow-textarea.git",
  "_target": "2.0-preview",
  "_originalSource": "PolymerElements/iron-autogrow-textarea"
}