{
  "name": "iron-flex-layout",
  "description": "Provide flexbox-based layouts",
  "keywords": [
    "web-components",
    "polymer",
    "layout"
  ],
  "main": "iron-flex-layout.html",
  "private": true,
  "license": "http://polymer.github.io/LICENSE.txt",
  "authors": [
    "The Polymer Authors"
  ],
  "repository": {
    "type": "git",
    "url": "git://github.com/PolymerElements/iron-flex-layout.git"
  },
  "dependencies": {
    "polymer": "Polymer/polymer#^2.0.0-rc.1"
  },
  "devDependencies": {
    "test-fixture": "PolymerElements/test-fixture#^3.0.0-rc.1",
    "web-component-tester": "Polymer/web-component-tester#^6.0.0-prerelease.6",
    "webcomponentsjs": "webcomponents/webcomponentsjs#^1.0.0-rc.1",
    "iron-component-page": "PolymerElements/iron-component-page#2.0-preview",
    "iron-demo-helpers": "PolymerElements/iron-demo-helpers#2.0-preview"
  },
  "ignore": [],
  "variants": {
    "1.x": {
      "dependencies": {
        "polymer": "Polymer/polymer#^1.1.0"
      },
      "devDependencies": {
        "test-fixture": "PolymerElements/test-fixture#^1.0.0",
        "webcomponentsjs": "webcomponents/webcomponentsjs#^0.7.0",
        "web-component-tester": "Polymer/web-component-tester#^4.0.0",
        "iron-component-page": "PolymerElements/iron-component-page#^1.0.0",
        "iron-demo-helpers": "PolymerElements/iron-demo-helpers#^1.0.0"
      }
    }
  },
  "pages": {
    "Flexbox layout guide": "GUIDE.md"
  },
  "homepage": "https://github.com/PolymerElements/iron-flex-layout",
  "_release": "cc15e7bcb7",
  "_resolution": {
    "type": "branch",
    "branch": "2.0-preview",
    "commit": "cc15e7bcb77f08795bf11065cb2db369abe76591"
  },
  "_source": "https://github.com/PolymerElements/iron-flex-layout.git",
  "_target": "2.0-preview",
  "_originalSource": "PolymerElements/iron-flex-layout"
}